Date,Open,High,Low,Close,AdjClose,Volume,Symbol
2023-01-04,1.04,1.14,1.04,1.12,1.053,2207600,7230.KL
2023-01-05,1.13,1.14,1.08,1.09,1.025,1706000,7230.KL
2023-01-06,1.07,1.09,1.06,1.08,1.015,672400,7230.KL
2023-01-09,1.13,1.17,1.12,1.14,1.072,1552100,7230.KL
2023-01-10,1.14,1.14,1.1,1.14,1.072,383900,7230.KL
2023-01-11,1.15,1.16,1.11,1.16,1.091,900000,7230.KL
2023-01-12,1.15,1.16,1.13,1.14,1.072,435200,7230.KL
2023-01-13,1.16,1.18,1.14,1.15,1.081,854600,7230.KL
2023-01-16,1.17,1.17,1.13,1.13,1.062,1363100,7230.KL
2023-01-17,1.12,1.14,1.12,1.12,1.053,226100,7230.KL
2023-01-18,1.11,1.13,1.1,1.11,1.044,309700,7230.KL
2023-01-19,1.09,1.11,1.08,1.09,1.025,420700,7230.KL
2023-01-20,1.13,1.13,1.11,1.13,1.062,240300,7230.KL
2023-01-25,1.13,1.15,1.12,1.13,1.062,252100,7230.KL
2023-01-26,1.15,1.15,1.14,1.14,1.072,263200,7230.KL
2023-01-27,1.12,1.13,1.12,1.13,1.062,227400,7230.KL
2023-01-30,1.14,1.14,1.11,1.11,1.044,83400,7230.KL
2023-01-31,1.11,1.11,1.07,1.07,1.006,413200,7230.KL
2023-02-02,1.11,1.13,1.11,1.11,1.044,311800,7230.KL
2023-02-03,1.11,1.11,1.08,1.1,1.034,143700,7230.KL
2023-02-07,1.08,1.09,1.04,1.07,1.006,429100,7230.KL
2023-02-08,1.06,1.08,1.05,1.08,1.015,287700,7230.KL
2023-02-09,1.07,1.07,1.06,1.07,1.006,46000,7230.KL
2023-02-10,1.07,1.08,1.05,1.07,1.006,218400,7230.KL
2023-02-13,1.07,1.08,1.04,1.06,0.997,130000,7230.KL
2023-02-14,1.03,1.06,1.02,1.05,0.987,122100,7230.KL
2023-02-15,1.05,1.06,1.04,1.04,0.978,57100,7230.KL
2023-02-16,1.05,1.06,1.04,1.05,0.987,109100,7230.KL
2023-02-17,1.05,1.05,1.02,1.03,0.968,169000,7230.KL
2023-02-20,1.06,1.06,1.03,1.04,0.978,39000,7230.KL
2023-02-21,1.04,1.04,1.02,1.02,0.959,187700,7230.KL
2023-02-22,1.03,1.05,1.03,1.04,0.978,30900,7230.KL
2023-02-23,1.04,1.04,1.03,1.04,0.978,142400,7230.KL
2023-02-24,1.04,1.05,1.04,1.04,0.978,49000,7230.KL
2023-02-27,1.04,1.06,1.03,1.05,0.987,132100,7230.KL
2023-02-28,1.04,1.04,1.03,1.03,0.968,235100,7230.KL
2023-03-01,1.03,1.06,1.03,1.06,0.997,144400,7230.KL
2023-03-02,1.06,1.07,1.05,1.07,1.006,64900,7230.KL
2023-03-03,1.07,1.08,1.05,1.08,1.015,92500,7230.KL
2023-03-06,1.08,1.11,1.08,1.09,1.025,139800,7230.KL
2023-03-07,1.09,1.11,1.09,1.09,1.025,186700,7230.KL
2023-03-08,1.09,1.1,1.05,1.08,1.015,69200,7230.KL
2023-03-09,1.08,1.08,1.07,1.07,1.006,38300,7230.KL
2023-03-10,1.04,1.07,1.04,1.05,0.987,205900,7230.KL
2023-03-13,1.08,1.15,1.08,1.12,1.053,1671900,7230.KL
2023-03-14,1.15,1.2,1.13,1.15,1.081,1692300,7230.KL
2023-03-15,1.14,1.14,1.1,1.11,1.044,341000,7230.KL
2023-03-16,1.15,1.15,1.11,1.11,1.044,993300,7230.KL
2023-03-17,1.11,1.15,1.11,1.12,1.053,372100,7230.KL
2023-03-20,1.18,1.27,1.15,1.24,1.166,10091700,7230.KL
2023-03-21,1.19,1.28,1.16,1.17,1.1,4861500,7230.KL
2023-03-22,1.15,1.2,1.14,1.18,1.109,1398900,7230.KL
2023-03-23,1.23,1.25,1.2,1.2,1.128,1676800,7230.KL
2023-03-24,1.22,1.24,1.18,1.2,1.128,1279700,7230.KL
2023-03-27,1.2,1.21,1.18,1.2,1.128,484400,7230.KL
2023-03-28,1.19,1.19,1.16,1.16,1.091,537700,7230.KL
2023-03-29,1.19,1.19,1.16,1.16,1.091,158800,7230.KL
2023-03-30,1.16,1.19,1.13,1.18,1.109,336100,7230.KL
2023-03-31,1.19,1.24,1.19,1.21,1.138,761900,7230.KL
2023-04-03,1.19,1.2,1.16,1.19,1.119,435000,7230.KL
2023-04-04,1.23,1.26,1.21,1.25,1.175,1742200,7230.KL
2023-04-05,1.31,1.35,1.29,1.3,1.222,4929000,7230.KL
2023-04-06,1.28,1.33,1.26,1.33,1.25,1142000,7230.KL
2023-04-07,1.32,1.32,1.28,1.3,1.222,473100,7230.KL
2023-04-10,1.3,1.3,1.26,1.29,1.213,740100,7230.KL
2023-04-11,1.26,1.35,1.26,1.35,1.269,1400200,7230.KL
2023-04-12,1.34,1.39,1.31,1.31,1.232,2041400,7230.KL
2023-04-13,1.34,1.37,1.31,1.37,1.288,1029500,7230.KL
2023-04-14,1.39,1.4,1.34,1.35,1.269,1060400,7230.KL
2023-04-17,1.33,1.36,1.31,1.35,1.269,756200,7230.KL
2023-04-18,1.33,1.35,1.32,1.35,1.269,295800,7230.KL
2023-04-19,1.35,1.35,1.29,1.32,1.241,667500,7230.KL
2023-04-20,1.3,1.32,1.29,1.31,1.232,293500,7230.KL
2023-04-25,1.31,1.31,1.29,1.29,1.213,172100,7230.KL
2023-04-26,1.29,1.34,1.28,1.34,1.26,183100,7230.KL
2023-04-27,1.31,1.35,1.31,1.35,1.269,231500,7230.KL
2023-04-28,1.32,1.33,1.31,1.33,1.25,158700,7230.KL
2023-05-02,1.33,1.33,1.3,1.3,1.222,94900,7230.KL
2023-05-03,1.34,1.36,1.31,1.32,1.241,430400,7230.KL
2023-05-05,1.36,1.37,1.34,1.34,1.26,605500,7230.KL
2023-05-08,1.34,1.35,1.32,1.35,1.269,186100,7230.KL
2023-05-09,1.36,1.36,1.32,1.34,1.26,338000,7230.KL
2023-05-10,1.36,1.36,1.32,1.33,1.25,222900,7230.KL
2023-05-11,1.33,1.35,1.33,1.33,1.25,53700,7230.KL
2023-05-12,1.31,1.33,1.31,1.32,1.241,193900,7230.KL
2023-05-15,1.3,1.34,1.3,1.34,1.26,266900,7230.KL
2023-05-16,1.33,1.35,1.31,1.32,1.241,376800,7230.KL
2023-05-17,1.3,1.31,1.27,1.27,1.194,856700,7230.KL
2023-05-18,1.26,1.28,1.24,1.27,1.194,390900,7230.KL
2023-05-19,1.26,1.26,1.23,1.24,1.166,667500,7230.KL
2023-05-22,1.25,1.28,1.25,1.28,1.203,367300,7230.KL
2023-05-23,1.26,1.27,1.26,1.27,1.194,126900,7230.KL
2023-05-24,1.23,1.24,1.21,1.23,1.194,368600,7230.KL
2023-05-25,1.21,1.21,1.2,1.2,1.165,195100,7230.KL
2023-05-26,1.2,1.2,1.18,1.18,1.145,336000,7230.KL
2023-05-29,1.17,1.18,1.1,1.1,1.068,723000,7230.KL
2023-05-30,1.1,1.1,1.06,1.1,1.068,875500,7230.KL
2023-05-31,1.12,1.13,1.08,1.08,1.048,499800,7230.KL
2023-06-01,1.09,1.12,1.08,1.1,1.068,351700,7230.KL
2023-06-02,1.12,1.14,1.1,1.13,1.097,373200,7230.KL
2023-06-06,1.1,1.12,1.09,1.09,1.058,220500,7230.KL
2023-06-07,1.11,1.11,1.07,1.08,1.048,336200,7230.KL
2023-06-08,1.08,1.1,1.07,1.1,1.068,298000,7230.KL
2023-06-09,1.1,1.11,1.09,1.09,1.058,74000,7230.KL
2023-06-12,1.1,1.11,1.09,1.09,1.058,151300,7230.KL
2023-06-13,1.11,1.11,1.08,1.11,1.078,107900,7230.KL
2023-06-14,1.09,1.11,1.08,1.08,1.048,258100,7230.KL
2023-06-15,1.08,1.09,1.06,1.08,1.048,320100,7230.KL
2023-06-16,1.08,1.09,1.06,1.08,1.048,250800,7230.KL
2023-06-19,1.08,1.09,1.07,1.08,1.048,173100,7230.KL
2023-06-20,1.07,1.07,1.07,1.07,1.039,27700,7230.KL
2023-06-21,1.06,1.08,1.06,1.08,1.048,133100,7230.KL
2023-06-22,1.07,1.07,1.07,1.07,1.039,36700,7230.KL
2023-06-23,1.05,1.06,1.05,1.06,1.029,190700,7230.KL
2023-06-26,1.06,1.07,1.05,1.06,1.029,103600,7230.KL
2023-06-27,1.06,1.07,1.06,1.06,1.029,102000,7230.KL
2023-06-28,1.07,1.08,1.04,1.05,1.019,212200,7230.KL
2023-06-30,1.05,1.08,1.03,1.04,1.01,201100,7230.KL
2023-07-03,1.04,1.04,1.01,1.03,1.0,332300,7230.KL
2023-07-04,1.03,1.04,1.02,1.04,1.01,41200,7230.KL
2023-07-05,1.04,1.05,1.03,1.05,1.019,212200,7230.KL
2023-07-06,1.04,1.04,1.02,1.04,1.01,490400,7230.KL
2023-07-07,1.05,1.05,1.02,1.03,1.0,43000,7230.KL
2023-07-10,1.03,1.03,1.02,1.02,0.99,129200,7230.KL
2023-07-11,1.03,1.05,1.02,1.05,1.019,410700,7230.KL
2023-07-12,1.06,1.06,1.01,1.03,1.0,518100,7230.KL
2023-07-13,1.07,1.07,1.03,1.05,1.019,682700,7230.KL
2023-07-14,1.05,1.06,1.04,1.05,1.019,253000,7230.KL
2023-07-17,1.05,1.05,1.03,1.05,1.019,241600,7230.KL
2023-07-18,1.04,1.05,1.04,1.05,1.019,125500,7230.KL
2023-07-20,1.06,1.11,1.06,1.11,1.078,853200,7230.KL
2023-07-21,1.09,1.09,1.07,1.07,1.039,162800,7230.KL
2023-07-24,1.07,1.08,1.07,1.08,1.048,125800,7230.KL
2023-07-25,1.07,1.09,1.06,1.08,1.048,88100,7230.KL
2023-07-26,1.07,1.1,1.07,1.1,1.068,127500,7230.KL
2023-07-27,1.08,1.14,1.08,1.14,1.107,923400,7230.KL
2023-07-28,1.1,1.11,1.08,1.1,1.068,496500,7230.KL
2023-07-31,1.12,1.13,1.11,1.12,1.087,280100,7230.KL
2023-08-01,1.13,1.15,1.12,1.12,1.087,267000,7230.KL
2023-08-02,1.11,1.13,1.11,1.13,1.097,345200,7230.KL
2023-08-03,1.1,1.1,1.1,1.1,1.068,106500,7230.KL
2023-08-04,1.1,1.11,1.1,1.1,1.068,92600,7230.KL
2023-08-07,1.1,1.11,1.08,1.08,1.048,87100,7230.KL
2023-08-08,1.09,1.09,1.08,1.09,1.058,143000,7230.KL
2023-08-09,1.09,1.09,1.08,1.09,1.058,21600,7230.KL
2023-08-10,1.09,1.09,1.08,1.09,1.058,227100,7230.KL
2023-08-11,1.09,1.09,1.08,1.09,1.058,125400,7230.KL
2023-08-14,1.08,1.1,1.08,1.1,1.068,71300,7230.KL
2023-08-15,1.09,1.1,1.08,1.09,1.058,87300,7230.KL
2023-08-16,1.09,1.1,1.09,1.09,1.058,118400,7230.KL
2023-08-17,1.08,1.09,1.08,1.08,1.048,83300,7230.KL
2023-08-18,1.07,1.09,1.06,1.07,1.039,479200,7230.KL
2023-08-21,1.07,1.08,1.07,1.07,1.039,93500,7230.KL
2023-08-22,1.08,1.09,1.07,1.09,1.058,177900,7230.KL
2023-08-23,1.09,1.1,1.07,1.1,1.068,321200,7230.KL
2023-08-24,1.11,1.11,1.1,1.1,1.068,92500,7230.KL
2023-08-25,1.1,1.11,1.1,1.1,1.068,216400,7230.KL
2023-08-28,1.11,1.12,1.1,1.1,1.068,168800,7230.KL
2023-08-29,1.1,1.12,1.1,1.1,1.068,153600,7230.KL
2023-08-30,1.12,1.12,1.11,1.11,1.078,108100,7230.KL
2023-09-01,1.11,1.12,1.1,1.12,1.087,84200,7230.KL
2023-09-04,1.13,1.16,1.13,1.15,1.116,606100,7230.KL
2023-09-05,1.15,1.15,1.14,1.15,1.116,216900,7230.KL
2023-09-06,1.15,1.15,1.14,1.14,1.107,120800,7230.KL
2023-09-07,1.13,1.18,1.13,1.16,1.126,1087400,7230.KL
2023-09-08,1.15,1.15,1.14,1.14,1.107,76300,7230.KL
2023-09-11,1.15,1.16,1.14,1.14,1.107,134000,7230.KL
2023-09-12,1.15,1.15,1.15,1.15,1.116,31300,7230.KL
2023-09-14,1.14,1.16,1.14,1.15,1.116,85000,7230.KL
2023-09-15,1.15,1.17,1.13,1.15,1.116,307600,7230.KL
2023-09-18,1.16,1.16,1.15,1.16,1.126,44000,7230.KL
2023-09-19,1.16,1.18,1.14,1.16,1.126,406100,7230.KL
2023-09-20,1.15,1.16,1.15,1.15,1.116,87700,7230.KL
2023-09-21,1.15,1.15,1.13,1.15,1.116,163100,7230.KL
2023-09-22,1.14,1.16,1.13,1.16,1.126,369800,7230.KL
2023-09-25,1.16,1.16,1.15,1.15,1.116,103300,7230.KL
2023-09-26,1.16,1.18,1.15,1.17,1.136,299600,7230.KL
2023-09-27,1.14,1.17,1.14,1.15,1.116,1256500,7230.KL
2023-09-29,1.16,1.16,1.13,1.14,1.107,992800,7230.KL
2023-10-02,1.13,1.14,1.1,1.1,1.068,324500,7230.KL
2023-10-03,1.1,1.11,1.1,1.11,1.078,260300,7230.KL
2023-10-04,1.11,1.11,1.08,1.1,1.068,200500,7230.KL
2023-10-05,1.09,1.11,1.09,1.1,1.068,270300,7230.KL
2023-10-06,1.1,1.1,1.1,1.1,1.068,184600,7230.KL
2023-10-09,1.13,1.16,1.13,1.15,1.116,574600,7230.KL
2023-10-10,1.16,1.18,1.15,1.17,1.136,445300,7230.KL
2023-10-11,1.17,1.18,1.16,1.18,1.145,116800,7230.KL
2023-10-12,1.18,1.19,1.18,1.18,1.145,168200,7230.KL
2023-10-13,1.18,1.18,1.16,1.17,1.136,98600,7230.KL
2023-10-16,1.2,1.21,1.18,1.18,1.145,473000,7230.KL
2023-10-17,1.18,1.18,1.15,1.16,1.126,246400,7230.KL
2023-10-18,1.19,1.19,1.17,1.18,1.145,334000,7230.KL
2023-10-19,1.18,1.2,1.17,1.19,1.155,531800,7230.KL
2023-10-20,1.21,1.24,1.21,1.24,1.204,977700,7230.KL
2023-10-23,1.22,1.24,1.2,1.23,1.194,763600,7230.KL
2023-10-24,1.23,1.24,1.2,1.21,1.175,239100,7230.KL
2023-10-25,1.2,1.2,1.17,1.18,1.145,450100,7230.KL
2023-10-26,1.18,1.23,1.18,1.23,1.194,345000,7230.KL
2023-10-27,1.22,1.22,1.19,1.2,1.165,145100,7230.KL
2023-10-30,1.24,1.24,1.21,1.21,1.175,466300,7230.KL
2023-10-31,1.22,1.23,1.21,1.22,1.184,145000,7230.KL
2023-11-01,1.2,1.22,1.19,1.19,1.155,307100,7230.KL
2023-11-02,1.19,1.23,1.19,1.2,1.165,121400,7230.KL
2023-11-03,1.2,1.2,1.18,1.18,1.145,186700,7230.KL
2023-11-06,1.18,1.21,1.18,1.21,1.175,217000,7230.KL
2023-11-07,1.2,1.2,1.18,1.18,1.145,211000,7230.KL
2023-11-08,1.18,1.18,1.17,1.17,1.136,290100,7230.KL
2023-11-09,1.16,1.16,1.15,1.16,1.126,268800,7230.KL
2023-11-10,1.16,1.18,1.15,1.18,1.145,134100,7230.KL
2023-11-14,1.17,1.18,1.15,1.16,1.126,114000,7230.KL
2023-11-15,1.17,1.19,1.17,1.19,1.155,75000,7230.KL
2023-11-16,1.19,1.19,1.17,1.17,1.136,57100,7230.KL
2023-11-17,1.17,1.19,1.17,1.18,1.145,81800,7230.KL
2023-11-20,1.17,1.18,1.17,1.18,1.145,64900,7230.KL
2023-11-21,1.18,1.2,1.18,1.19,1.155,340100,7230.KL
2023-11-22,1.19,1.21,1.18,1.21,1.175,288200,7230.KL
2023-11-23,1.2,1.2,1.19,1.2,1.165,104500,7230.KL
2023-11-24,1.19,1.19,1.19,1.19,1.155,111500,7230.KL
2023-11-27,1.21,1.22,1.2,1.22,1.184,162400,7230.KL
2023-11-28,1.22,1.23,1.21,1.22,1.184,106600,7230.KL
2023-11-29,1.24,1.26,1.23,1.25,1.213,795700,7230.KL
2023-11-30,1.26,1.26,1.22,1.23,1.194,217600,7230.KL
2023-12-01,1.22,1.22,1.22,1.22,1.184,76900,7230.KL
2023-12-04,1.28,1.29,1.23,1.24,1.204,1107000,7230.KL
2023-12-05,1.23,1.24,1.22,1.24,1.204,163900,7230.KL
2023-12-06,1.21,1.23,1.21,1.23,1.194,438300,7230.KL
2023-12-07,1.22,1.22,1.2,1.21,1.175,189400,7230.KL
2023-12-08,1.22,1.23,1.2,1.22,1.184,84700,7230.KL
2023-12-11,1.2,1.2,1.18,1.19,1.155,200000,7230.KL
2023-12-12,1.17,1.23,1.17,1.2,1.165,312600,7230.KL
2023-12-13,1.22,1.22,1.19,1.2,1.165,101500,7230.KL
2023-12-14,1.22,1.24,1.21,1.22,1.184,490300,7230.KL
2023-12-15,1.23,1.23,1.22,1.22,1.184,76600,7230.KL
2023-12-18,1.2,1.22,1.2,1.22,1.184,106100,7230.KL
2023-12-19,1.22,1.22,1.2,1.2,1.165,95400,7230.KL
2023-12-20,1.22,1.22,1.21,1.21,1.175,79900,7230.KL
2023-12-21,1.21,1.21,1.2,1.21,1.175,90700,7230.KL
2023-12-22,1.22,1.23,1.22,1.23,1.194,138300,7230.KL
2023-12-26,1.23,1.23,1.22,1.23,1.194,39700,7230.KL
2023-12-27,1.24,1.24,1.23,1.23,1.194,83800,7230.KL
2023-12-28,1.24,1.27,1.23,1.25,1.213,655000,7230.KL
2023-12-29,1.24,1.25,1.24,1.24,1.204,111800,7230.KL
2024-01-02,1.25,1.28,1.24,1.26,1.223,227200,7230.KL
2024-01-03,1.26,1.27,1.26,1.27,1.233,74600,7230.KL
2024-01-04,1.24,1.28,1.24,1.28,1.243,287800,7230.KL
2024-01-05,1.29,1.3,1.27,1.27,1.233,390100,7230.KL
2024-01-08,1.27,1.27,1.25,1.25,1.213,280400,7230.KL
2024-01-09,1.26,1.27,1.26,1.26,1.223,213100,7230.KL
2024-01-10,1.25,1.26,1.25,1.26,1.223,168800,7230.KL
2024-01-11,1.25,1.25,1.25,1.25,1.213,105700,7230.KL
2024-01-12,1.23,1.27,1.23,1.27,1.233,239600,7230.KL
2024-01-15,1.28,1.28,1.25,1.26,1.223,213600,7230.KL
2024-01-16,1.26,1.28,1.25,1.27,1.233,166000,7230.KL
2024-01-17,1.26,1.26,1.25,1.26,1.223,116000,7230.KL
2024-01-18,1.26,1.26,1.23,1.24,1.204,199900,7230.KL
2024-01-19,1.25,1.26,1.25,1.26,1.223,59400,7230.KL
2024-01-22,1.26,1.26,1.24,1.24,1.204,153000,7230.KL
2024-01-23,1.24,1.26,1.24,1.26,1.223,65000,7230.KL
2024-01-24,1.25,1.27,1.24,1.25,1.213,87000,7230.KL
2024-01-26,1.25,1.26,1.25,1.26,1.223,312300,7230.KL
2024-01-29,1.26,1.27,1.25,1.26,1.223,284100,7230.KL
2024-01-30,1.26,1.27,1.26,1.27,1.233,232200,7230.KL
2024-01-31,1.27,1.27,1.25,1.26,1.223,139300,7230.KL
2024-02-02,1.27,1.27,1.25,1.26,1.223,269900,7230.KL
2024-02-05,1.26,1.26,1.24,1.25,1.213,187500,7230.KL
2024-02-06,1.24,1.25,1.24,1.25,1.213,96900,7230.KL
2024-02-07,1.24,1.25,1.23,1.23,1.194,183600,7230.KL
2024-02-08,1.24,1.25,1.22,1.25,1.213,65100,7230.KL
2024-02-09,1.25,1.26,1.25,1.25,1.213,33700,7230.KL
2024-02-13,1.25,1.26,1.25,1.26,1.223,118000,7230.KL
2024-02-14,1.26,1.26,1.25,1.25,1.213,45600,7230.KL
2024-02-15,1.24,1.25,1.24,1.24,1.204,193600,7230.KL
2024-02-16,1.25,1.26,1.23,1.24,1.204,310300,7230.KL
2024-02-19,1.26,1.26,1.26,1.26,1.223,39900,7230.KL
2024-02-20,1.26,1.26,1.25,1.26,1.223,58400,7230.KL
2024-02-21,1.26,1.26,1.26,1.26,1.223,36000,7230.KL
2024-02-22,1.26,1.27,1.25,1.27,1.233,202800,7230.KL
2024-02-23,1.27,1.27,1.27,1.27,1.233,59500,7230.KL
2024-02-26,1.27,1.29,1.26,1.29,1.252,148900,7230.KL
2024-02-27,1.29,1.35,1.29,1.34,1.301,705700,7230.KL
2024-02-28,1.29,1.39,1.25,1.28,1.243,1208500,7230.KL
2024-02-29,1.33,1.33,1.28,1.29,1.252,180100,7230.KL
2024-03-01,1.35,1.35,1.28,1.29,1.252,248700,7230.KL
2024-03-04,1.3,1.34,1.28,1.32,1.281,222100,7230.KL
2024-03-05,1.34,1.36,1.32,1.32,1.281,679900,7230.KL
2024-03-06,1.33,1.34,1.31,1.33,1.291,456900,7230.KL
2024-03-07,1.33,1.33,1.31,1.33,1.291,766200,7230.KL
2024-03-08,1.34,1.34,1.32,1.34,1.301,237100,7230.KL
2024-03-11,1.37,1.47,1.37,1.45,1.408,3102000,7230.KL
2024-03-12,1.45,1.45,1.4,1.42,1.378,493200,7230.KL
2024-03-13,1.39,1.41,1.37,1.4,1.359,664000,7230.KL
2024-03-14,1.41,1.43,1.39,1.39,1.349,420100,7230.KL
2024-03-15,1.41,1.41,1.37,1.41,1.369,231000,7230.KL
2024-03-18,1.4,1.4,1.37,1.37,1.33,435200,7230.KL
2024-03-19,1.37,1.38,1.35,1.38,1.34,438800,7230.KL
2024-03-20,1.39,1.41,1.39,1.39,1.349,198100,7230.KL
2024-03-21,1.46,1.47,1.42,1.42,1.378,958900,7230.KL
2024-03-22,1.43,1.43,1.4,1.42,1.378,608600,7230.KL
2024-03-25,1.42,1.44,1.41,1.42,1.378,200400,7230.KL
2024-03-26,1.42,1.42,1.4,1.4,1.359,116900,7230.KL
2024-03-27,1.4,1.42,1.39,1.42,1.378,384400,7230.KL
2024-03-29,1.48,1.54,1.45,1.5,1.456,1831700,7230.KL
2024-04-01,1.52,1.53,1.49,1.49,1.446,1823400,7230.KL
2024-04-02,1.5,1.5,1.47,1.48,1.437,1505900,7230.KL
2024-04-03,1.49,1.51,1.47,1.48,1.437,1396800,7230.KL
2024-04-04,1.49,1.5,1.47,1.48,1.437,753500,7230.KL
2024-04-05,1.49,1.53,1.48,1.52,1.476,1140900,7230.KL
2024-04-08,1.53,1.68,1.53,1.68,1.631,3794300,7230.KL
2024-04-09,1.69,1.72,1.64,1.67,1.621,3000400,7230.KL
2024-04-12,1.7,1.72,1.68,1.69,1.641,2590600,7230.KL
2024-04-15,1.7,1.7,1.6,1.6,1.553,2210900,7230.KL
2024-04-16,1.63,1.65,1.56,1.56,1.514,1134300,7230.KL
2024-04-17,1.6,1.63,1.59,1.6,1.553,717500,7230.KL
2024-04-18,1.6,1.69,1.59,1.68,1.631,1598900,7230.KL
2024-04-19,1.68,1.79,1.63,1.67,1.621,4932900,7230.KL
2024-04-22,1.66,1.71,1.64,1.66,1.611,780700,7230.KL
2024-04-23,1.61,1.62,1.57,1.59,1.544,1334800,7230.KL
2024-04-24,1.6,1.65,1.58,1.62,1.573,1255600,7230.KL
2024-04-25,1.62,1.63,1.6,1.62,1.573,316900,7230.KL
2024-04-26,1.62,1.68,1.61,1.68,1.631,1146500,7230.KL
2024-04-29,1.66,1.69,1.62,1.66,1.611,857700,7230.KL
2024-04-30,1.65,1.65,1.61,1.62,1.573,625000,7230.KL
2024-05-02,1.62,1.65,1.62,1.65,1.602,596300,7230.KL
2024-05-03,1.63,1.65,1.63,1.65,1.602,649400,7230.KL
2024-05-06,1.65,1.68,1.61,1.64,1.592,524300,7230.KL
2024-05-07,1.64,1.66,1.63,1.63,1.582,321500,7230.KL
2024-05-08,1.63,1.65,1.6,1.6,1.553,413600,7230.KL
2024-05-09,1.61,1.62,1.61,1.62,1.573,270600,7230.KL
2024-05-10,1.64,1.68,1.64,1.68,1.631,1374600,7230.KL
2024-05-13,1.67,1.69,1.66,1.67,1.621,589100,7230.KL
2024-05-14,1.69,1.74,1.66,1.72,1.67,731500,7230.KL
2024-05-15,1.72,1.75,1.68,1.74,1.689,590100,7230.KL
2024-05-16,1.75,2.07,1.75,2.03,1.971,4538100,7230.KL
2024-05-17,2.09,2.16,2.03,2.08,2.019,4378600,7230.KL
2024-05-20,2.14,2.14,2.07,2.1,2.079,2173800,7230.KL
2024-05-21,2.11,2.11,1.98,2.0,1.98,1299900,7230.KL
2024-05-23,1.98,1.98,1.9,1.93,1.91,1180300,7230.KL
2024-05-24,1.88,1.92,1.87,1.9,1.881,519600,7230.KL
2024-05-27,1.88,1.91,1.82,1.9,1.881,839400,7230.KL
2024-05-28,1.93,1.94,1.85,1.85,1.831,493200,7230.KL
2024-05-29,1.85,1.9,1.85,1.87,1.851,357700,7230.KL
2024-05-30,1.85,1.86,1.83,1.85,1.831,259700,7230.KL
2024-05-31,1.85,1.86,1.81,1.82,1.801,430600,7230.KL
2024-06-04,1.86,1.87,1.82,1.84,1.821,269800,7230.KL
2024-06-05,1.83,1.84,1.82,1.83,1.811,178100,7230.KL
2024-06-06,1.84,1.9,1.84,1.88,1.861,737300,7230.KL
2024-06-07,1.91,1.95,1.88,1.88,1.861,845400,7230.KL
2024-06-10,1.79,1.8,1.75,1.77,1.752,1643300,7230.KL
2024-06-11,1.78,1.81,1.78,1.8,1.782,1316600,7230.KL
2024-06-12,1.81,1.81,1.76,1.77,1.752,442900,7230.KL
2024-06-13,1.77,1.77,1.75,1.76,1.742,271900,7230.KL
2024-06-14,1.75,1.77,1.75,1.76,1.742,226600,7230.KL
2024-06-18,1.76,1.78,1.76,1.76,1.742,88500,7230.KL
2024-06-19,1.8,1.81,1.75,1.75,1.732,592600,7230.KL
2024-06-20,1.78,1.81,1.75,1.8,1.782,340600,7230.KL
2024-06-21,1.82,1.83,1.78,1.8,1.782,205000,7230.KL
2024-06-24,1.75,1.77,1.74,1.75,1.732,204300,7230.KL
2024-06-25,1.75,1.76,1.74,1.74,1.722,216900,7230.KL
2024-06-26,1.74,1.74,1.71,1.73,1.712,111200,7230.KL
2024-06-27,1.73,1.73,1.69,1.7,1.683,308900,7230.KL
2024-06-28,1.73,1.73,1.7,1.73,1.712,114300,7230.KL
2024-07-01,1.72,1.74,1.71,1.72,1.702,113400,7230.KL
2024-07-02,1.72,1.73,1.71,1.73,1.712,73700,7230.KL
2024-07-03,1.73,1.78,1.72,1.78,1.762,153800,7230.KL
2024-07-04,1.79,1.79,1.75,1.77,1.752,118300,7230.KL
2024-07-05,1.77,1.79,1.76,1.79,1.772,146400,7230.KL
2024-07-09,1.79,1.79,1.76,1.77,1.752,128200,7230.KL
2024-07-10,1.8,1.82,1.77,1.82,1.801,215000,7230.KL
2024-07-11,1.83,1.85,1.83,1.84,1.821,216200,7230.KL
2024-07-12,1.88,1.88,1.81,1.83,1.811,451000,7230.KL
2024-07-15,1.82,1.82,1.77,1.77,1.752,655600,7230.KL
2024-07-16,1.77,1.81,1.77,1.81,1.792,759100,7230.KL
2024-07-17,1.87,1.9,1.82,1.85,1.831,1452600,7230.KL
2024-07-18,1.84,1.86,1.82,1.85,1.831,382200,7230.KL
2024-07-19,1.82,1.82,1.79,1.79,1.772,316200,7230.KL
2024-07-22,1.79,1.82,1.78,1.81,1.792,306500,7230.KL
2024-07-23,1.81,1.81,1.79,1.8,1.782,67200,7230.KL
2024-07-24,1.8,1.84,1.8,1.83,1.811,320700,7230.KL
2024-07-25,1.82,1.82,1.75,1.81,1.792,395300,7230.KL
2024-07-26,1.78,1.79,1.76,1.77,1.752,314100,7230.KL
2024-07-29,1.8,1.9,1.78,1.86,1.841,1121000,7230.KL
2024-07-30,1.87,1.88,1.83,1.83,1.811,335700,7230.KL
2024-07-31,1.86,2.0,1.86,1.98,1.96,2638700,7230.KL
2024-08-01,2.02,2.06,1.98,2.01,1.989,1242200,7230.KL
2024-08-02,2.0,2.04,1.95,2.02,1.999,2210800,7230.KL
2024-08-05,1.95,1.99,1.82,1.83,1.811,1601200,7230.KL
2024-08-06,1.83,1.89,1.81,1.85,1.831,683500,7230.KL
2024-08-07,1.85,1.85,1.78,1.81,1.792,928500,7230.KL
2024-08-08,1.78,1.82,1.78,1.82,1.801,471900,7230.KL
2024-08-09,1.86,1.89,1.84,1.87,1.851,485100,7230.KL
2024-08-12,1.88,1.94,1.87,1.92,1.9,422500,7230.KL
2024-08-13,1.99,2.0,1.95,1.96,1.94,494300,7230.KL
2024-08-14,1.96,1.98,1.93,1.95,1.93,359700,7230.KL
2024-08-15,1.93,1.93,1.89,1.89,1.871,370500,7230.KL
2024-08-16,1.93,1.95,1.91,1.94,1.92,252300,7230.KL
2024-08-19,2.0,2.01,1.96,2.0,1.98,1038700,7230.KL
2024-08-20,2.02,2.05,1.97,2.05,2.029,905200,7230.KL
2024-08-21,2.04,2.13,2.02,2.07,2.049,1439300,7230.KL
2024-08-22,2.09,2.09,2.0,2.03,2.009,724200,7230.KL
2024-08-23,1.92,1.97,1.83,1.9,1.881,2466600,7230.KL
2024-08-26,1.95,1.98,1.92,1.97,1.95,836700,7230.KL
2024-08-27,1.93,1.93,1.89,1.91,1.891,673900,7230.KL
2024-08-28,1.91,1.92,1.81,1.82,1.801,1159500,7230.KL
2024-08-29,1.82,1.87,1.82,1.82,1.801,537500,7230.KL
2024-08-30,1.83,1.84,1.82,1.84,1.821,343600,7230.KL
2024-09-02,1.83,1.83,1.79,1.82,1.801,360500,7230.KL
2024-09-03,1.79,1.82,1.78,1.82,1.801,529500,7230.KL
2024-09-04,1.8,1.82,1.78,1.81,1.792,257400,7230.KL
2024-09-05,1.8,1.84,1.8,1.84,1.821,349600,7230.KL
2024-09-06,1.84,1.84,1.8,1.83,1.811,420900,7230.KL
2024-09-09,1.8,1.8,1.76,1.79,1.772,470200,7230.KL
2024-09-10,1.8,1.81,1.78,1.79,1.772,147600,7230.KL
2024-09-11,1.8,1.84,1.79,1.81,1.792,203500,7230.KL
2024-09-12,1.8,1.81,1.78,1.81,1.792,205600,7230.KL
2024-09-13,1.86,1.89,1.85,1.89,1.871,703300,7230.KL
2024-09-17,1.9,1.92,1.88,1.89,1.871,481900,7230.KL
2024-09-18,1.89,1.9,1.85,1.87,1.851,231000,7230.KL
2024-09-19,1.87,1.9,1.83,1.9,1.881,516500,7230.KL
2024-09-20,1.92,1.98,1.88,1.94,1.92,855600,7230.KL
2024-09-23,1.97,2.0,1.92,1.93,1.91,406800,7230.KL
2024-09-24,1.93,1.95,1.9,1.94,1.92,499800,7230.KL
2024-09-25,1.97,1.99,1.94,1.94,1.92,390900,7230.KL
2024-09-26,1.92,1.93,1.91,1.93,1.91,174600,7230.KL
2024-09-27,1.93,1.93,1.88,1.88,1.861,333800,7230.KL
2024-09-30,1.85,1.88,1.85,1.86,1.841,185600,7230.KL
2024-10-01,1.85,1.87,1.85,1.86,1.841,239500,7230.KL
2024-10-02,1.88,1.92,1.86,1.86,1.841,449900,7230.KL
2024-10-03,1.86,1.86,1.84,1.85,1.831,54000,7230.KL
2024-10-04,1.85,1.87,1.85,1.87,1.851,141100,7230.KL
2024-10-07,1.87,1.87,1.84,1.85,1.831,279800,7230.KL
2024-10-08,1.83,1.85,1.81,1.81,1.792,431600,7230.KL
2024-10-09,1.81,1.82,1.75,1.78,1.762,545000,7230.KL
2024-10-10,1.77,1.79,1.76,1.78,1.762,296700,7230.KL
2024-10-11,1.8,1.82,1.79,1.79,1.772,264700,7230.KL
2024-10-14,1.79,1.8,1.78,1.79,1.772,61100,7230.KL
2024-10-15,1.78,1.78,1.77,1.77,1.752,101300,7230.KL
2024-10-16,1.78,1.78,1.75,1.77,1.752,247200,7230.KL
2024-10-17,1.77,1.78,1.77,1.78,1.762,43300,7230.KL
2024-10-18,1.8,1.83,1.76,1.8,1.782,527100,7230.KL
2024-10-21,1.83,1.85,1.8,1.83,1.811,459000,7230.KL
2024-10-22,1.82,1.84,1.8,1.83,1.811,218000,7230.KL
2024-10-23,1.82,1.82,1.8,1.81,1.792,260500,7230.KL
2024-10-24,1.78,1.81,1.78,1.81,1.792,319200,7230.KL
2024-10-25,1.79,1.79,1.74,1.75,1.732,512000,7230.KL
2024-10-28,1.76,1.76,1.68,1.68,1.663,543100,7230.KL
2024-10-29,1.68,1.71,1.68,1.7,1.683,269000,7230.KL
2024-10-30,1.72,1.73,1.7,1.7,1.683,398300,7230.KL
2024-11-01,1.7,1.7,1.68,1.68,1.663,116000,7230.KL
2024-11-04,1.68,1.69,1.65,1.65,1.633,362000,7230.KL
2024-11-05,1.66,1.66,1.63,1.65,1.633,258900,7230.KL
2024-11-06,1.65,1.65,1.63,1.63,1.613,219100,7230.KL
2024-11-07,1.61,1.61,1.53,1.56,1.544,1039200,7230.KL
2024-11-08,1.57,1.57,1.54,1.55,1.534,351200,7230.KL
2024-11-11,1.55,1.55,1.51,1.52,1.504,362200,7230.KL
2024-11-12,1.49,1.49,1.43,1.45,1.435,990700,7230.KL
2024-11-13,1.44,1.47,1.42,1.46,1.445,193800,7230.KL
2024-11-14,1.44,1.45,1.43,1.45,1.435,259100,7230.KL
2024-11-15,1.46,1.49,1.46,1.48,1.465,197000,7230.KL
2024-11-18,1.48,1.53,1.48,1.52,1.504,204400,7230.KL
2024-11-19,1.55,1.57,1.55,1.56,1.544,283400,7230.KL
2024-11-20,1.58,1.59,1.56,1.56,1.544,165000,7230.KL
2024-11-21,1.57,1.57,1.5,1.52,1.504,275500,7230.KL
2024-11-22,1.49,1.5,1.46,1.48,1.465,297600,7230.KL
2024-11-25,1.48,1.51,1.48,1.48,1.465,126800,7230.KL
2024-11-26,1.45,1.48,1.43,1.46,1.445,143000,7230.KL
2024-11-27,1.45,1.46,1.43,1.44,1.425,227800,7230.KL
2024-11-28,1.46,1.46,1.43,1.45,1.435,165700,7230.KL
2024-11-29,1.45,1.46,1.45,1.45,1.435,90200,7230.KL
2024-12-02,1.45,1.47,1.44,1.45,1.435,177000,7230.KL
2024-12-03,1.45,1.47,1.45,1.47,1.455,31000,7230.KL
2024-12-04,1.47,1.48,1.47,1.47,1.455,72300,7230.KL
2024-12-05,1.45,1.46,1.45,1.46,1.46,47000,7230.KL
2024-12-06,1.45,1.45,1.43,1.45,1.45,105400,7230.KL
2024-12-09,1.46,1.46,1.43,1.45,1.45,42500,7230.KL
2024-12-10,1.45,1.47,1.45,1.45,1.45,49800,7230.KL
2024-12-11,1.45,1.48,1.45,1.47,1.47,177000,7230.KL
2024-12-12,1.48,1.53,1.47,1.53,1.53,438500,7230.KL
2024-12-13,1.52,1.55,1.52,1.55,1.55,281300,7230.KL
2024-12-16,1.55,1.57,1.54,1.57,1.57,311700,7230.KL
2024-12-17,1.58,1.6,1.57,1.58,1.58,203400,7230.KL
2024-12-18,1.58,1.58,1.49,1.58,1.58,101000,7230.KL
2024-12-19,1.53,1.55,1.52,1.52,1.52,17000,7230.KL
2024-12-20,1.53,1.57,1.53,1.56,1.56,132800,7230.KL
2024-12-23,1.57,1.57,1.55,1.55,1.55,77000,7230.KL
2024-12-24,1.55,1.57,1.55,1.57,1.57,82800,7230.KL
2024-12-26,1.57,1.59,1.56,1.59,1.59,123700,7230.KL
2024-12-27,1.59,1.64,1.59,1.62,1.62,189900,7230.KL
2024-12-30,1.62,1.62,1.6,1.61,1.61,57400,7230.KL
2024-12-31,1.61,1.62,1.61,1.61,1.61,40700,7230.KL
2025-01-02,1.62,1.62,1.6,1.6,1.6,50000,7230.KL
2023-01-04,0.84,0.885,0.84,0.875,0.842,2450300,5080.KL
2023-01-05,0.88,0.895,0.87,0.88,0.847,2365100,5080.KL
2023-01-06,0.87,0.87,0.85,0.865,0.832,358900,5080.KL
2023-01-09,0.88,0.895,0.88,0.885,0.852,1529200,5080.KL
2023-01-10,0.88,0.88,0.87,0.88,0.847,519900,5080.KL
2023-01-11,0.88,0.895,0.865,0.895,0.861,1229800,5080.KL
2023-01-12,0.89,0.89,0.875,0.89,0.856,570500,5080.KL
2023-01-13,0.9,0.915,0.885,0.895,0.861,2083500,5080.KL
2023-01-16,0.91,0.91,0.875,0.895,0.861,1521500,5080.KL
2023-01-17,0.885,0.89,0.87,0.87,0.837,334600,5080.KL
2023-01-18,0.86,0.875,0.86,0.865,0.832,325400,5080.KL
2023-01-19,0.865,0.87,0.805,0.865,0.832,533900,5080.KL
2023-01-20,0.875,0.89,0.87,0.88,0.847,360300,5080.KL
2023-01-25,0.89,0.895,0.88,0.89,0.856,508100,5080.KL
2023-01-26,0.9,0.91,0.885,0.895,0.861,545400,5080.KL
2023-01-27,0.885,0.885,0.87,0.88,0.847,615900,5080.KL
2023-01-30,0.88,0.88,0.84,0.865,0.832,438500,5080.KL
2023-01-31,0.85,0.86,0.84,0.845,0.813,440200,5080.KL
2023-02-02,0.87,0.88,0.86,0.87,0.837,790300,5080.KL
2023-02-03,0.855,0.865,0.845,0.845,0.813,740500,5080.KL
2023-02-07,0.83,0.845,0.83,0.835,0.803,1053400,5080.KL
2023-02-08,0.84,0.84,0.83,0.83,0.799,742800,5080.KL
2023-02-09,0.83,0.84,0.83,0.84,0.808,180500,5080.KL
2023-02-10,0.835,0.84,0.83,0.835,0.803,335200,5080.KL
2023-02-13,0.83,0.85,0.825,0.83,0.799,510800,5080.KL
2023-02-14,0.825,0.83,0.78,0.815,0.797,248300,5080.KL
2023-02-15,0.81,0.815,0.795,0.81,0.792,398400,5080.KL
2023-02-16,0.81,0.815,0.81,0.815,0.797,315100,5080.KL
2023-02-17,0.82,0.82,0.81,0.81,0.792,137100,5080.KL
2023-02-20,0.81,0.82,0.805,0.82,0.802,158500,5080.KL
2023-02-21,0.81,0.81,0.8,0.8,0.782,208600,5080.KL
2023-02-22,0.8,0.815,0.795,0.815,0.797,128900,5080.KL
2023-02-23,0.805,0.815,0.8,0.815,0.797,42600,5080.KL
2023-02-24,0.815,0.815,0.8,0.815,0.797,34900,5080.KL
2023-02-27,0.8,0.815,0.8,0.81,0.792,53400,5080.KL
2023-02-28,0.815,0.815,0.8,0.81,0.792,84700,5080.KL
2023-03-01,0.795,0.815,0.795,0.815,0.797,158300,5080.KL
2023-03-02,0.815,0.815,0.81,0.81,0.792,175900,5080.KL
2023-03-03,0.82,0.82,0.81,0.82,0.802,81500,5080.KL
2023-03-06,0.825,0.825,0.81,0.815,0.797,351300,5080.KL
2023-03-07,0.815,0.82,0.8,0.81,0.792,252700,5080.KL
2023-03-08,0.805,0.81,0.8,0.81,0.792,188100,5080.KL
2023-03-09,0.805,0.81,0.8,0.805,0.787,117700,5080.KL
2023-03-10,0.8,0.805,0.8,0.805,0.787,97800,5080.KL
2023-03-13,0.825,0.875,0.825,0.86,0.841,4164800,5080.KL
2023-03-14,0.88,0.9,0.865,0.875,0.855,3913900,5080.KL
2023-03-15,0.87,0.87,0.83,0.84,0.821,1412900,5080.KL
2023-03-16,0.88,0.88,0.855,0.865,0.846,1101100,5080.KL
2023-03-17,0.87,0.88,0.865,0.87,0.85,1243200,5080.KL
2023-03-20,0.91,1.0,0.9,0.975,0.953,27063100,5080.KL
2023-03-21,0.945,0.98,0.915,0.915,0.894,12001900,5080.KL
2023-03-22,0.895,0.92,0.88,0.9,0.88,4816300,5080.KL
2023-03-23,0.94,0.96,0.91,0.915,0.894,5999800,5080.KL
2023-03-24,0.95,0.95,0.9,0.905,0.885,3471000,5080.KL
2023-03-27,0.905,0.91,0.89,0.9,0.88,1201300,5080.KL
2023-03-28,0.89,0.895,0.865,0.865,0.846,2640900,5080.KL
2023-03-29,0.885,0.89,0.865,0.87,0.85,962600,5080.KL
2023-03-30,0.865,0.895,0.85,0.88,0.86,1093600,5080.KL
2023-03-31,0.91,0.92,0.895,0.895,0.875,2069700,5080.KL
2023-04-03,0.88,0.89,0.865,0.88,0.86,1047300,5080.KL
2023-04-04,0.905,0.94,0.895,0.92,0.899,3055500,5080.KL
2023-04-05,0.97,0.995,0.96,0.97,0.948,13652400,5080.KL
2023-04-06,0.965,0.975,0.94,0.97,0.948,3665500,5080.KL
2023-04-07,0.96,0.97,0.945,0.96,0.938,1103100,5080.KL
2023-04-10,0.955,0.955,0.92,0.935,0.914,2515500,5080.KL
2023-04-11,0.925,0.97,0.915,0.97,0.948,3797600,5080.KL
2023-04-12,0.975,0.99,0.955,0.965,0.943,4812300,5080.KL
2023-04-13,0.975,0.99,0.965,0.98,0.958,3319400,5080.KL
2023-04-14,0.995,1.0,0.945,0.955,0.934,4165000,5080.KL
2023-04-17,0.94,0.95,0.925,0.945,0.924,1532600,5080.KL
2023-04-18,0.93,0.94,0.92,0.935,0.914,1471600,5080.KL
2023-04-19,0.93,0.935,0.905,0.905,0.885,1646100,5080.KL
2023-04-20,0.91,0.92,0.905,0.915,0.894,539200,5080.KL
2023-04-25,0.92,0.92,0.9,0.91,0.89,621900,5080.KL
2023-04-26,0.92,0.935,0.91,0.925,0.904,1116900,5080.KL
2023-04-27,0.925,0.95,0.915,0.94,0.919,1428000,5080.KL
2023-04-28,0.935,0.935,0.915,0.925,0.904,849200,5080.KL
2023-05-02,0.93,0.94,0.925,0.925,0.904,711300,5080.KL
2023-05-03,0.955,0.97,0.92,0.935,0.914,3172600,5080.KL
2023-05-05,0.97,0.97,0.94,0.94,0.919,3343600,5080.KL
2023-05-08,0.94,0.94,0.925,0.935,0.914,667300,5080.KL
2023-05-09,0.935,0.935,0.925,0.925,0.904,802900,5080.KL
2023-05-10,0.94,0.94,0.92,0.925,0.904,668200,5080.KL
2023-05-11,0.93,0.94,0.92,0.92,0.899,374500,5080.KL
2023-05-12,0.91,0.92,0.905,0.92,0.899,1031100,5080.KL
2023-05-15,0.92,0.945,0.915,0.945,0.924,606700,5080.KL
2023-05-16,0.935,0.94,0.91,0.92,0.899,1137300,5080.KL
2023-05-17,0.9,0.91,0.885,0.895,0.875,1253600,5080.KL
2023-05-18,0.885,0.895,0.88,0.895,0.875,968100,5080.KL
2023-05-19,0.885,0.89,0.87,0.89,0.87,1052700,5080.KL
2023-05-22,0.89,0.91,0.89,0.895,0.875,659400,5080.KL
2023-05-23,0.89,0.9,0.875,0.875,0.855,448000,5080.KL
2023-05-24,0.88,0.895,0.88,0.89,0.87,212700,5080.KL
2023-05-25,0.885,0.895,0.88,0.895,0.875,326400,5080.KL
2023-05-26,0.885,0.9,0.88,0.9,0.88,349000,5080.KL
2023-05-29,0.9,0.9,0.865,0.865,0.846,651000,5080.KL
2023-05-30,0.865,0.87,0.855,0.86,0.841,471800,5080.KL
2023-05-31,0.865,0.875,0.86,0.865,0.846,267500,5080.KL
2023-06-01,0.87,0.88,0.865,0.87,0.85,229000,5080.KL
2023-06-02,0.885,0.89,0.88,0.89,0.87,280800,5080.KL
2023-06-06,0.89,0.89,0.87,0.875,0.855,163300,5080.KL
2023-06-07,0.88,0.88,0.855,0.86,0.841,263700,5080.KL
2023-06-08,0.855,0.86,0.85,0.855,0.836,334300,5080.KL
2023-06-09,0.875,0.875,0.845,0.85,0.831,252800,5080.KL
2023-06-12,0.86,0.86,0.845,0.85,0.831,258600,5080.KL
2023-06-13,0.85,0.86,0.85,0.86,0.841,164900,5080.KL
2023-06-14,0.85,0.855,0.85,0.85,0.831,85900,5080.KL
2023-06-15,0.85,0.855,0.845,0.855,0.836,185000,5080.KL
2023-06-16,0.86,0.86,0.855,0.855,0.836,125600,5080.KL
2023-06-19,0.855,0.86,0.85,0.855,0.836,169600,5080.KL
2023-06-20,0.855,0.855,0.845,0.85,0.831,186500,5080.KL
2023-06-21,0.84,0.84,0.82,0.835,0.816,825400,5080.KL
2023-06-22,0.83,0.84,0.83,0.83,0.811,75400,5080.KL
2023-06-23,0.83,0.835,0.825,0.835,0.816,411000,5080.KL
2023-06-26,0.835,0.84,0.835,0.84,0.821,181600,5080.KL
2023-06-27,0.84,0.845,0.83,0.83,0.811,61000,5080.KL
2023-06-28,0.83,0.835,0.81,0.81,0.792,437200,5080.KL
2023-06-30,0.815,0.83,0.81,0.815,0.797,574000,5080.KL
2023-07-03,0.815,0.825,0.815,0.825,0.806,156900,5080.KL
2023-07-04,0.825,0.83,0.815,0.83,0.811,312300,5080.KL
2023-07-05,0.83,0.83,0.82,0.83,0.811,78400,5080.KL
2023-07-06,0.82,0.825,0.82,0.82,0.802,103200,5080.KL
2023-07-07,0.815,0.83,0.815,0.82,0.802,81000,5080.KL
2023-07-10,0.82,0.825,0.82,0.82,0.802,67900,5080.KL
2023-07-11,0.825,0.855,0.825,0.855,0.836,148600,5080.KL
2023-07-12,0.86,0.86,0.845,0.855,0.836,419500,5080.KL
2023-07-13,0.86,0.875,0.86,0.87,0.85,601300,5080.KL
2023-07-14,0.875,0.875,0.845,0.855,0.836,370700,5080.KL
2023-07-17,0.85,0.85,0.845,0.85,0.831,149500,5080.KL
2023-07-18,0.845,0.86,0.845,0.86,0.841,171700,5080.KL
2023-07-20,0.87,0.885,0.87,0.875,0.855,621400,5080.KL
2023-07-21,0.87,0.87,0.855,0.86,0.841,288000,5080.KL
2023-07-24,0.85,0.855,0.85,0.855,0.836,154100,5080.KL
2023-07-25,0.855,0.86,0.85,0.86,0.841,118200,5080.KL
2023-07-26,0.87,0.87,0.845,0.865,0.846,183400,5080.KL
2023-07-27,0.865,0.885,0.85,0.885,0.865,935400,5080.KL
2023-07-28,0.865,0.875,0.855,0.865,0.846,1635700,5080.KL
2023-07-31,0.875,0.885,0.865,0.865,0.846,411900,5080.KL
2023-08-01,0.87,0.885,0.865,0.875,0.855,316200,5080.KL
2023-08-02,0.875,0.875,0.86,0.875,0.855,333600,5080.KL
2023-08-03,0.865,0.865,0.855,0.86,0.841,203700,5080.KL
2023-08-04,0.86,0.865,0.855,0.855,0.836,109300,5080.KL
2023-08-07,0.86,0.865,0.85,0.85,0.831,192300,5080.KL
2023-08-08,0.85,0.86,0.85,0.86,0.841,120000,5080.KL
2023-08-09,0.86,0.86,0.85,0.85,0.831,61100,5080.KL
2023-08-10,0.855,0.855,0.855,0.855,0.836,55800,5080.KL
2023-08-11,0.85,0.85,0.835,0.845,0.826,764300,5080.KL
2023-08-14,0.845,0.855,0.845,0.855,0.836,95200,5080.KL
2023-08-15,0.845,0.85,0.84,0.845,0.826,240100,5080.KL
2023-08-16,0.845,0.845,0.84,0.845,0.826,277300,5080.KL
2023-08-17,0.84,0.84,0.835,0.84,0.821,182900,5080.KL
2023-08-18,0.84,0.84,0.835,0.835,0.816,182800,5080.KL
2023-08-21,0.835,0.84,0.835,0.84,0.821,187100,5080.KL
2023-08-22,0.845,0.85,0.84,0.85,0.831,207000,5080.KL
2023-08-23,0.85,0.855,0.845,0.855,0.836,207800,5080.KL
2023-08-24,0.86,0.86,0.85,0.855,0.836,305100,5080.KL
2023-08-25,0.865,0.865,0.84,0.845,0.826,234200,5080.KL
2023-08-28,0.85,0.855,0.845,0.845,0.826,257100,5080.KL
2023-08-29,0.845,0.86,0.845,0.85,0.831,188200,5080.KL
2023-08-30,0.855,0.86,0.85,0.855,0.836,333500,5080.KL
2023-09-01,0.86,0.86,0.85,0.86,0.841,62300,5080.KL
2023-09-04,0.86,0.875,0.86,0.875,0.855,606600,5080.KL
2023-09-05,0.87,0.87,0.86,0.87,0.85,85400,5080.KL
2023-09-06,0.865,0.865,0.855,0.865,0.846,58300,5080.KL
2023-09-07,0.86,0.87,0.855,0.865,0.846,238800,5080.KL
2023-09-08,0.86,0.87,0.86,0.865,0.846,92200,5080.KL
2023-09-11,0.865,0.87,0.86,0.865,0.846,778600,5080.KL
2023-09-12,0.86,0.86,0.855,0.86,0.841,30200,5080.KL
2023-09-13,0.86,0.865,0.855,0.86,0.841,28700,5080.KL
2023-09-14,0.855,0.86,0.845,0.86,0.841,99900,5080.KL
2023-09-15,0.86,0.865,0.85,0.865,0.846,242300,5080.KL
2023-09-18,0.855,0.87,0.855,0.87,0.85,114800,5080.KL
2023-09-19,0.87,0.88,0.87,0.875,0.855,160700,5080.KL
2023-09-20,0.875,0.875,0.86,0.865,0.846,78300,5080.KL
2023-09-21,0.86,0.86,0.845,0.86,0.841,411600,5080.KL
2023-09-22,0.85,0.86,0.845,0.86,0.841,150800,5080.KL
2023-09-25,0.855,0.87,0.855,0.865,0.846,382900,5080.KL
2023-09-26,0.86,0.87,0.86,0.87,0.85,533900,5080.KL
2023-09-27,0.855,0.855,0.835,0.835,0.816,1143600,5080.KL
2023-09-29,0.835,0.835,0.825,0.835,0.816,447900,5080.KL
2023-10-02,0.83,0.835,0.82,0.825,0.806,515900,5080.KL
2023-10-03,0.815,0.825,0.81,0.81,0.792,397600,5080.KL
2023-10-04,0.81,0.815,0.81,0.815,0.797,273500,5080.KL
2023-10-05,0.82,0.825,0.815,0.82,0.802,148300,5080.KL
2023-10-06,0.83,0.83,0.81,0.815,0.797,196700,5080.KL
2023-10-09,0.835,0.855,0.835,0.845,0.826,1083600,5080.KL
2023-10-10,0.85,0.855,0.845,0.85,0.831,586900,5080.KL
2023-10-11,0.85,0.85,0.845,0.85,0.831,73500,5080.KL
2023-10-12,0.85,0.86,0.845,0.85,0.831,340000,5080.KL
2023-10-13,0.845,0.85,0.84,0.85,0.831,132100,5080.KL
2023-10-16,0.855,0.865,0.855,0.855,0.836,731100,5080.KL
2023-10-17,0.855,0.86,0.845,0.855,0.836,360200,5080.KL
2023-10-18,0.855,0.86,0.855,0.86,0.841,428400,5080.KL
2023-10-19,0.86,0.87,0.85,0.86,0.841,774100,5080.KL
2023-10-20,0.865,0.88,0.865,0.875,0.855,1943900,5080.KL
2023-10-23,0.87,0.87,0.855,0.86,0.841,818100,5080.KL
2023-10-24,0.86,0.86,0.85,0.855,0.836,343800,5080.KL
2023-10-25,0.85,0.85,0.835,0.845,0.826,498700,5080.KL
2023-10-26,0.845,0.875,0.84,0.875,0.855,617300,5080.KL
2023-10-27,0.87,0.87,0.86,0.86,0.841,200000,5080.KL
2023-10-30,0.88,0.88,0.855,0.86,0.841,894700,5080.KL
2023-10-31,0.86,0.86,0.85,0.855,0.836,206900,5080.KL
2023-11-01,0.855,0.855,0.84,0.84,0.821,279500,5080.KL
2023-11-02,0.845,0.85,0.84,0.85,0.831,370100,5080.KL
2023-11-03,0.855,0.855,0.845,0.845,0.826,103400,5080.KL
2023-11-06,0.845,0.855,0.845,0.855,0.836,200200,5080.KL
2023-11-07,0.85,0.85,0.84,0.84,0.821,323200,5080.KL
2023-11-08,0.84,0.845,0.84,0.845,0.826,137200,5080.KL
2023-11-09,0.835,0.845,0.835,0.845,0.826,119500,5080.KL
2023-11-10,0.845,0.845,0.835,0.845,0.826,92400,5080.KL
2023-11-14,0.845,0.845,0.835,0.845,0.826,98900,5080.KL
2023-11-15,0.845,0.85,0.84,0.85,0.831,162400,5080.KL
2023-11-16,0.845,0.845,0.83,0.835,0.816,260500,5080.KL
2023-11-17,0.84,0.845,0.835,0.84,0.821,249900,5080.KL
2023-11-20,0.84,0.84,0.835,0.84,0.821,176500,5080.KL
2023-11-21,0.845,0.85,0.845,0.85,0.831,210600,5080.KL
2023-11-22,0.85,0.86,0.85,0.86,0.841,481300,5080.KL
2023-11-23,0.85,0.855,0.845,0.85,0.831,56000,5080.KL
2023-11-24,0.845,0.845,0.84,0.845,0.826,170800,5080.KL
2023-11-27,0.845,0.86,0.845,0.855,0.836,415500,5080.KL
2023-11-28,0.86,0.865,0.855,0.855,0.836,314500,5080.KL
2023-11-29,0.87,0.87,0.86,0.865,0.846,837800,5080.KL
2023-11-30,0.865,0.865,0.855,0.86,0.841,259300,5080.KL
2023-12-01,0.865,0.865,0.855,0.855,0.836,288800,5080.KL
2023-12-04,0.89,0.9,0.87,0.87,0.85,1790000,5080.KL
2023-12-05,0.865,0.875,0.855,0.875,0.855,344200,5080.KL
2023-12-06,0.865,0.865,0.855,0.86,0.841,182900,5080.KL
2023-12-07,0.855,0.86,0.85,0.85,0.831,325100,5080.KL
2023-12-08,0.855,0.855,0.845,0.855,0.836,136900,5080.KL
2023-12-11,0.85,0.85,0.84,0.845,0.826,234500,5080.KL
2023-12-12,0.84,0.85,0.84,0.85,0.831,153600,5080.KL
2023-12-13,0.845,0.845,0.845,0.845,0.826,54200,5080.KL
2023-12-14,0.86,0.86,0.85,0.855,0.836,292400,5080.KL
2023-12-15,0.85,0.85,0.845,0.845,0.826,33800,5080.KL
2023-12-18,0.845,0.85,0.845,0.85,0.831,139800,5080.KL
2023-12-19,0.85,0.85,0.845,0.845,0.826,73400,5080.KL
2023-12-20,0.865,0.865,0.855,0.86,0.841,373700,5080.KL
2023-12-21,0.86,0.86,0.84,0.85,0.831,497000,5080.KL
2023-12-22,0.85,0.86,0.845,0.86,0.841,140700,5080.KL
2023-12-26,0.855,0.865,0.85,0.86,0.841,249100,5080.KL
2023-12-27,0.865,0.865,0.855,0.86,0.841,235600,5080.KL
2023-12-28,0.86,0.88,0.86,0.87,0.85,833300,5080.KL
2023-12-29,0.865,0.87,0.86,0.865,0.846,117700,5080.KL
2024-01-02,0.865,0.87,0.86,0.87,0.85,144300,5080.KL
2024-01-03,0.87,0.87,0.855,0.855,0.836,363700,5080.KL
2024-01-04,0.855,0.86,0.85,0.855,0.836,145700,5080.KL
2024-01-05,0.86,0.875,0.86,0.865,0.846,544300,5080.KL
2024-01-08,0.86,0.87,0.86,0.86,0.841,365800,5080.KL
2024-01-09,0.865,0.87,0.865,0.865,0.846,109400,5080.KL
2024-01-10,0.87,0.87,0.855,0.86,0.841,286600,5080.KL
2024-01-11,0.865,0.865,0.855,0.86,0.841,116400,5080.KL
2024-01-12,0.86,0.86,0.855,0.855,0.836,190500,5080.KL
2024-01-15,0.86,0.86,0.855,0.86,0.841,216100,5080.KL
2024-01-16,0.86,0.865,0.855,0.86,0.841,517100,5080.KL
2024-01-17,0.86,0.865,0.85,0.855,0.836,299300,5080.KL
2024-01-18,0.855,0.86,0.84,0.845,0.826,450400,5080.KL
2024-01-19,0.845,0.86,0.845,0.85,0.831,149900,5080.KL
2024-01-22,0.855,0.86,0.85,0.855,0.836,136400,5080.KL
2024-01-23,0.855,0.855,0.85,0.855,0.836,149900,5080.KL
2024-01-24,0.855,0.855,0.85,0.855,0.836,137400,5080.KL
2024-01-26,0.85,0.86,0.85,0.86,0.841,338700,5080.KL
2024-01-29,0.86,0.865,0.855,0.86,0.841,456700,5080.KL
2024-01-30,0.86,0.86,0.85,0.86,0.841,123400,5080.KL
2024-01-31,0.86,0.865,0.855,0.86,0.841,92800,5080.KL
2024-02-02,0.86,0.87,0.855,0.865,0.846,424700,5080.KL
2024-02-05,0.86,0.86,0.855,0.855,0.836,217400,5080.KL
2024-02-06,0.855,0.855,0.85,0.85,0.831,85200,5080.KL
2024-02-07,0.85,0.855,0.85,0.85,0.831,150300,5080.KL
2024-02-08,0.855,0.855,0.85,0.85,0.831,199700,5080.KL
2024-02-09,0.86,0.86,0.845,0.85,0.831,499400,5080.KL
2024-02-13,0.85,0.855,0.845,0.855,0.836,111600,5080.KL
2024-02-14,0.845,0.86,0.845,0.845,0.826,377300,5080.KL
2024-02-15,0.845,0.85,0.845,0.85,0.831,189600,5080.KL
2024-02-16,0.85,0.855,0.85,0.855,0.836,201200,5080.KL
2024-02-19,0.855,0.855,0.85,0.855,0.836,174300,5080.KL
2024-02-20,0.85,0.855,0.85,0.855,0.836,103400,5080.KL
2024-02-21,0.855,0.86,0.85,0.86,0.841,238600,5080.KL
2024-02-22,0.86,0.86,0.855,0.855,0.836,95400,5080.KL
2024-02-23,0.86,0.86,0.855,0.86,0.841,123000,5080.KL
2024-02-26,0.86,0.885,0.86,0.88,0.86,1594400,5080.KL
2024-02-27,0.885,0.895,0.88,0.89,0.87,1249900,5080.KL
2024-02-28,0.865,0.875,0.855,0.865,0.865,581400,5080.KL
2024-02-29,0.86,0.88,0.86,0.875,0.875,797600,5080.KL
2024-03-01,0.875,0.875,0.86,0.86,0.86,121200,5080.KL
2024-03-04,0.88,0.88,0.865,0.87,0.87,377800,5080.KL
2024-03-05,0.88,0.885,0.875,0.885,0.885,1181300,5080.KL
2024-03-06,0.89,0.895,0.88,0.885,0.885,1015500,5080.KL
2024-03-07,0.89,0.89,0.88,0.885,0.885,694100,5080.KL
2024-03-08,0.885,0.895,0.885,0.895,0.895,267800,5080.KL
2024-03-11,0.905,0.945,0.905,0.93,0.93,4665100,5080.KL
2024-03-12,0.94,0.94,0.9,0.915,0.915,1273300,5080.KL
2024-03-13,0.905,0.905,0.89,0.9,0.9,1060500,5080.KL
2024-03-14,0.9,0.905,0.89,0.895,0.895,635100,5080.KL
2024-03-15,0.9,0.9,0.89,0.895,0.895,406400,5080.KL
2024-03-18,0.89,0.89,0.88,0.885,0.885,379400,5080.KL
2024-03-19,0.89,0.895,0.885,0.895,0.895,447300,5080.KL
2024-03-20,0.925,0.925,0.9,0.905,0.905,1725400,5080.KL
2024-03-21,0.925,0.94,0.925,0.93,0.93,2347000,5080.KL
2024-03-22,0.925,0.925,0.895,0.9,0.9,1684900,5080.KL
2024-03-25,0.905,0.92,0.9,0.91,0.91,535100,5080.KL
2024-03-26,0.91,0.915,0.9,0.915,0.915,396400,5080.KL
2024-03-27,0.915,0.915,0.905,0.91,0.91,549900,5080.KL
2024-03-29,0.935,0.95,0.925,0.93,0.93,2306400,5080.KL
2024-04-01,0.945,0.945,0.925,0.93,0.93,1622300,5080.KL
2024-04-02,0.94,0.945,0.93,0.945,0.945,1093200,5080.KL
2024-04-03,0.95,0.965,0.95,0.95,0.95,2605700,5080.KL
2024-04-04,0.955,0.96,0.945,0.945,0.945,847000,5080.KL
2024-04-05,0.95,0.95,0.94,0.945,0.945,582100,5080.KL
2024-04-08,0.96,1.08,0.96,1.08,1.08,8908100,5080.KL
2024-04-09,1.12,1.15,1.08,1.11,1.11,12449800,5080.KL
2024-04-12,1.15,1.16,1.12,1.13,1.13,7395500,5080.KL
2024-04-15,1.14,1.14,1.06,1.06,1.06,5616100,5080.KL
2024-04-16,1.09,1.11,1.06,1.06,1.06,4843900,5080.KL
2024-04-17,1.06,1.09,1.05,1.08,1.08,1621000,5080.KL
2024-04-18,1.08,1.09,1.04,1.09,1.09,2853500,5080.KL
2024-04-19,1.08,1.15,1.06,1.1,1.1,10327800,5080.KL
2024-04-22,1.1,1.1,1.06,1.07,1.07,2945800,5080.KL
2024-04-23,1.04,1.04,1.0,1.01,1.01,4876600,5080.KL
2024-04-24,1.01,1.03,1.01,1.03,1.03,1376800,5080.KL
2024-04-25,1.02,1.02,1.0,1.01,1.01,1563500,5080.KL
2024-04-26,1.02,1.05,1.01,1.04,1.04,2121800,5080.KL
2024-04-29,1.03,1.04,1.01,1.02,1.02,877200,5080.KL
2024-04-30,1.02,1.03,1.01,1.02,1.02,629200,5080.KL
2024-05-02,1.01,1.02,1.0,1.01,1.01,760400,5080.KL
2024-05-03,1.01,1.02,1.0,1.01,1.01,1004000,5080.KL
2024-05-06,1.0,1.04,1.0,1.03,1.03,1786500,5080.KL
2024-05-07,1.03,1.04,1.02,1.03,1.03,725600,5080.KL
2024-05-08,1.03,1.03,0.995,1.0,1.0,1402100,5080.KL
2024-05-09,1.0,1.01,0.995,1.0,1.0,334200,5080.KL
2024-05-10,1.02,1.07,1.01,1.06,1.06,2778000,5080.KL
2024-05-13,1.05,1.07,1.02,1.03,1.03,1147100,5080.KL
2024-05-14,1.03,1.05,1.02,1.04,1.04,1060200,5080.KL
2024-05-15,1.05,1.06,1.03,1.05,1.05,1153700,5080.KL
2024-05-16,1.06,1.14,1.06,1.11,1.11,9355200,5080.KL
2024-05-17,1.15,1.23,1.12,1.2,1.2,16653700,5080.KL
2024-05-20,1.26,1.35,1.26,1.29,1.29,12715800,5080.KL
2024-05-21,1.29,1.29,1.24,1.26,1.26,3696000,5080.KL
2024-05-23,1.22,1.22,1.15,1.18,1.18,5623600,5080.KL
2024-05-24,1.14,1.17,1.12,1.15,1.15,2584600,5080.KL
2024-05-27,1.15,1.16,1.11,1.14,1.14,2698600,5080.KL
2024-05-28,1.15,1.17,1.12,1.14,1.14,2065100,5080.KL
2024-05-29,1.14,1.18,1.13,1.16,1.16,1789700,5080.KL
2024-05-30,1.14,1.16,1.13,1.15,1.15,1182700,5080.KL
2024-05-31,1.15,1.16,1.14,1.14,1.14,667400,5080.KL
2024-06-04,1.17,1.18,1.14,1.15,1.15,2304300,5080.KL
2024-06-05,1.15,1.16,1.14,1.15,1.15,680900,5080.KL
2024-06-06,1.16,1.23,1.16,1.21,1.21,3160400,5080.KL
2024-06-07,1.24,1.26,1.21,1.21,1.21,3316100,5080.KL
2024-06-10,1.16,1.18,1.14,1.17,1.17,2777000,5080.KL
2024-06-11,1.17,1.19,1.15,1.16,1.16,2158200,5080.KL
2024-06-12,1.17,1.17,1.14,1.15,1.15,1165300,5080.KL
2024-06-13,1.16,1.16,1.14,1.16,1.16,741200,5080.KL
2024-06-14,1.15,1.16,1.14,1.16,1.16,730000,5080.KL
2024-06-18,1.17,1.18,1.16,1.17,1.17,1205800,5080.KL
2024-06-19,1.21,1.25,1.17,1.18,1.18,6454100,5080.KL
2024-06-20,1.21,1.21,1.17,1.18,1.18,1778400,5080.KL
2024-06-21,1.21,1.21,1.17,1.19,1.19,1283900,5080.KL
2024-06-24,1.17,1.17,1.15,1.17,1.17,1089100,5080.KL
2024-06-25,1.17,1.17,1.14,1.16,1.16,796100,5080.KL
2024-06-26,1.15,1.15,1.13,1.15,1.15,777600,5080.KL
2024-06-27,1.13,1.14,1.11,1.12,1.12,931800,5080.KL
2024-06-28,1.13,1.14,1.11,1.13,1.13,390600,5080.KL
2024-07-01,1.14,1.14,1.12,1.14,1.14,371400,5080.KL
2024-07-02,1.14,1.15,1.13,1.15,1.15,295000,5080.KL
2024-07-03,1.15,1.17,1.13,1.17,1.17,584600,5080.KL
2024-07-04,1.17,1.17,1.15,1.16,1.16,463200,5080.KL
2024-07-05,1.16,1.17,1.15,1.17,1.17,406300,5080.KL
2024-07-09,1.18,1.19,1.16,1.17,1.17,601600,5080.KL
2024-07-10,1.18,1.18,1.16,1.18,1.18,396600,5080.KL
2024-07-11,1.18,1.19,1.17,1.17,1.17,438000,5080.KL
2024-07-12,1.2,1.21,1.17,1.18,1.18,1555400,5080.KL
2024-07-15,1.18,1.18,1.15,1.15,1.15,641700,5080.KL
2024-07-16,1.15,1.2,1.15,1.2,1.2,1024800,5080.KL
2024-07-17,1.24,1.26,1.2,1.21,1.21,4322100,5080.KL
2024-07-18,1.2,1.23,1.18,1.23,1.23,856400,5080.KL
2024-07-19,1.19,1.2,1.17,1.17,1.17,1218800,5080.KL
2024-07-22,1.17,1.17,1.15,1.17,1.17,910200,5080.KL
2024-07-23,1.17,1.18,1.15,1.16,1.16,529900,5080.KL
2024-07-24,1.16,1.19,1.16,1.18,1.18,475200,5080.KL
2024-07-25,1.16,1.16,1.12,1.13,1.13,1431000,5080.KL
2024-07-26,1.13,1.14,1.12,1.14,1.14,484900,5080.KL
2024-07-29,1.15,1.18,1.14,1.16,1.16,1299900,5080.KL
2024-07-30,1.16,1.16,1.14,1.16,1.16,305100,5080.KL
2024-07-31,1.17,1.22,1.16,1.22,1.22,4726800,5080.KL
2024-08-01,1.23,1.24,1.19,1.19,1.19,1997600,5080.KL
2024-08-02,1.19,1.23,1.18,1.23,1.23,3369400,5080.KL
2024-08-05,1.18,1.19,1.07,1.09,1.09,7156100,5080.KL
2024-08-06,1.09,1.12,1.09,1.09,1.09,2697100,5080.KL
2024-08-07,1.08,1.11,1.06,1.11,1.11,1171300,5080.KL
2024-08-08,1.1,1.11,1.08,1.1,1.1,742300,5080.KL
2024-08-09,1.13,1.14,1.1,1.12,1.12,1418700,5080.KL
2024-08-12,1.12,1.16,1.12,1.15,1.15,771300,5080.KL
2024-08-13,1.19,1.19,1.14,1.15,1.15,2398000,5080.KL
2024-08-14,1.17,1.17,1.14,1.16,1.16,755100,5080.KL
2024-08-15,1.15,1.15,1.13,1.14,1.14,717600,5080.KL
2024-08-16,1.14,1.16,1.13,1.16,1.16,817500,5080.KL
2024-08-19,1.19,1.2,1.16,1.19,1.19,2293900,5080.KL
2024-08-20,1.2,1.21,1.17,1.21,1.21,1495100,5080.KL
2024-08-21,1.21,1.25,1.2,1.22,1.22,2775500,5080.KL
2024-08-22,1.23,1.24,1.19,1.2,1.2,1391600,5080.KL
2024-08-23,1.18,1.18,1.11,1.15,1.15,2912600,5080.KL
2024-08-26,1.17,1.19,1.15,1.19,1.19,1640200,5080.KL
2024-08-27,1.17,1.17,1.15,1.15,1.15,874900,5080.KL
2024-08-28,1.16,1.17,1.11,1.12,1.12,1713200,5080.KL
2024-08-29,1.13,1.14,1.12,1.12,1.12,667800,5080.KL
2024-08-30,1.13,1.15,1.12,1.15,1.15,631500,5080.KL
2024-09-02,1.13,1.13,1.12,1.13,1.13,419600,5080.KL
2024-09-03,1.12,1.14,1.12,1.13,1.13,444800,5080.KL
2024-09-04,1.12,1.13,1.11,1.11,1.11,600400,5080.KL
2024-09-05,1.12,1.13,1.11,1.13,1.13,690700,5080.KL
2024-09-06,1.13,1.13,1.1,1.12,1.12,672200,5080.KL
2024-09-09,1.11,1.11,1.08,1.1,1.1,639600,5080.KL
2024-09-10,1.1,1.11,1.09,1.09,1.09,235500,5080.KL
2024-09-11,1.09,1.12,1.09,1.12,1.12,704600,5080.KL
2024-09-12,1.11,1.11,1.1,1.11,1.11,332100,5080.KL
2024-09-13,1.15,1.16,1.13,1.16,1.16,1542400,5080.KL
2024-09-17,1.17,1.19,1.16,1.18,1.18,1013600,5080.KL
2024-09-18,1.17,1.18,1.16,1.16,1.16,429300,5080.KL
2024-09-19,1.15,1.18,1.13,1.17,1.17,1075100,5080.KL
2024-09-20,1.18,1.19,1.16,1.18,1.18,1252100,5080.KL
2024-09-23,1.19,1.2,1.17,1.19,1.19,1012800,5080.KL
2024-09-24,1.18,1.2,1.17,1.19,1.19,995700,5080.KL
2024-09-25,1.2,1.22,1.18,1.19,1.19,2256200,5080.KL
2024-09-26,1.18,1.18,1.16,1.18,1.18,571400,5080.KL
2024-09-27,1.17,1.17,1.13,1.14,1.14,1662300,5080.KL
2024-09-30,1.14,1.15,1.12,1.15,1.15,1253100,5080.KL
2024-10-01,1.13,1.14,1.13,1.13,1.13,531300,5080.KL
2024-10-02,1.15,1.16,1.12,1.13,1.13,1344500,5080.KL
2024-10-03,1.13,1.13,1.12,1.13,1.13,712400,5080.KL
2024-10-04,1.13,1.15,1.13,1.15,1.15,469100,5080.KL
2024-10-07,1.14,1.14,1.12,1.13,1.13,470800,5080.KL
2024-10-08,1.13,1.13,1.11,1.12,1.12,716500,5080.KL
2024-10-09,1.11,1.13,1.1,1.11,1.11,747200,5080.KL
2024-10-10,1.11,1.12,1.1,1.11,1.11,289000,5080.KL
2024-10-11,1.11,1.13,1.11,1.13,1.13,354100,5080.KL
2024-10-14,1.12,1.13,1.11,1.12,1.12,355000,5080.KL
2024-10-15,1.12,1.12,1.11,1.11,1.11,179600,5080.KL
2024-10-16,1.12,1.13,1.1,1.13,1.13,384700,5080.KL
2024-10-17,1.13,1.14,1.12,1.14,1.14,232800,5080.KL
2024-10-18,1.14,1.15,1.14,1.15,1.15,807400,5080.KL
2024-10-21,1.15,1.18,1.15,1.16,1.16,1180000,5080.KL
2024-10-22,1.16,1.17,1.15,1.17,1.17,540000,5080.KL
2024-10-23,1.16,1.16,1.15,1.15,1.15,537300,5080.KL
2024-10-24,1.14,1.15,1.13,1.15,1.15,342100,5080.KL
2024-10-25,1.14,1.14,1.12,1.12,1.12,413300,5080.KL
2024-10-28,1.12,1.12,1.11,1.11,1.11,541100,5080.KL
2024-10-29,1.12,1.12,1.11,1.11,1.11,205200,5080.KL
2024-10-30,1.13,1.14,1.12,1.12,1.12,241900,5080.KL
2024-11-01,1.12,1.12,1.1,1.11,1.11,383600,5080.KL
2024-11-04,1.1,1.12,1.1,1.11,1.11,229800,5080.KL
2024-11-05,1.1,1.11,1.09,1.11,1.11,405600,5080.KL
2024-11-06,1.11,1.11,1.09,1.1,1.1,650200,5080.KL
2024-11-07,1.08,1.08,1.04,1.04,1.04,2018900,5080.KL
2024-11-08,1.06,1.06,1.02,1.02,1.02,825000,5080.KL
2024-11-11,1.02,1.02,0.99,0.995,0.995,1069300,5080.KL
2024-11-12,0.99,0.99,0.97,0.98,0.98,1024700,5080.KL
2024-11-13,0.98,0.985,0.975,0.985,0.985,533100,5080.KL
2024-11-14,0.98,0.98,0.94,0.945,0.945,1279700,5080.KL
2024-11-15,0.935,0.96,0.935,0.96,0.96,606900,5080.KL
2024-11-18,0.96,0.99,0.96,0.985,0.985,498600,5080.KL
2024-11-19,1.0,1.0,0.985,0.99,0.99,571000,5080.KL
2024-11-20,1.0,1.01,0.99,0.99,0.99,339600,5080.KL
2024-11-21,0.99,0.99,0.975,0.975,0.975,227900,5080.KL
2024-11-22,0.975,0.98,0.955,0.965,0.965,596200,5080.KL
2024-11-25,0.975,0.985,0.955,0.96,0.96,447700,5080.KL
2024-11-26,0.95,0.97,0.94,0.955,0.955,293200,5080.KL
2024-11-27,0.955,0.975,0.955,0.96,0.96,261200,5080.KL
2024-11-28,0.965,0.965,0.95,0.955,0.955,236500,5080.KL
2024-11-29,0.96,0.975,0.95,0.97,0.97,273500,5080.KL
2024-12-02,0.97,0.975,0.96,0.97,0.97,133900,5080.KL
2024-12-03,0.965,0.975,0.965,0.975,0.975,314300,5080.KL
2024-12-04,0.97,0.98,0.96,0.98,0.98,236400,5080.KL
2024-12-05,0.98,0.98,0.96,0.965,0.965,94800,5080.KL
2024-12-06,0.965,0.97,0.96,0.965,0.965,309200,5080.KL
2024-12-09,0.97,0.97,0.955,0.96,0.96,193400,5080.KL
2024-12-10,0.965,0.97,0.96,0.965,0.965,169000,5080.KL
2024-12-11,0.975,0.98,0.97,0.975,0.975,117600,5080.KL
2024-12-12,0.98,0.995,0.98,0.985,0.985,220800,5080.KL
2024-12-13,0.98,0.985,0.97,0.975,0.975,199200,5080.KL
2024-12-16,0.985,0.985,0.975,0.975,0.975,74900,5080.KL
2024-12-17,0.98,0.98,0.97,0.975,0.975,131400,5080.KL
2024-12-18,0.98,0.985,0.965,0.98,0.98,137600,5080.KL
2024-12-19,0.97,0.97,0.95,0.96,0.96,268500,5080.KL
2024-12-20,0.96,0.965,0.955,0.965,0.965,339500,5080.KL
2024-12-23,0.965,0.975,0.95,0.965,0.965,44600,5080.KL
2024-12-24,0.965,0.97,0.96,0.97,0.97,73800,5080.KL
2024-12-26,0.975,0.975,0.965,0.975,0.975,94500,5080.KL
2024-12-27,0.975,0.98,0.975,0.98,0.98,140900,5080.KL
2024-12-30,0.98,0.985,0.975,0.98,0.98,106700,5080.KL
2024-12-31,0.98,0.985,0.975,0.975,0.975,107100,5080.KL
2025-01-02,0.98,0.985,0.975,0.975,0.975,163500,5080.KL
